{"cameraMode":{"drawMode":0,"name":"Shaded","section":"Shading Mode"},"sceneLighting":true,"audioPlay":false,"sceneViewState":{"m_AlwaysRefresh":false,"showFog":true,"showSkybox":true,"showFlares":true,"showImageEffects":true,"showParticleSystems":true,"showVisualEffectGraphs":true,"m_FxEnabled":true},"in2DMode":false,"pivot":{"x":-0.13796323537826539,"y":1.1856727600097657,"z":5.549969673156738},"rotation":{"x":-0.17985007166862489,"y":0.1313152015209198,"z":-0.02380714938044548,"w":-0.9747593998908997},"size":1.934826374053955,"orthographic":false}